"distribution","sample_size","replications","method","global_ise","global_squared_bias","global_variance","left_ise","left_squared_bias","left_variance","right_ise","right_squared_bias","right_variance","lower_accuracy","upper_accuracy","lower_finite_rate","upper_finite_rate","minimum_density","maximum_mass_error"
"uniform",100,100,"kde-current",0.0395679608211775,0.000660315183665581,0.0389076456375119,0.0147140524945475,0.000353115726237842,0.0143609367683097,0.0119536069470872,7.93565361068368e-05,0.0118742504109804,NA,NA,NA,NA,0,1.11022302462516e-16
"uniform",100,100,"single-95",0.0349551478183599,0.00096855258259265,0.0339865952357673,0.0119457705109792,0.000482444078260364,0.0114633264327188,0.0102912035338974,0.000305160231532077,0.00998604330236527,0.65,0.7,0.65,0.7,0,1.11022302462516e-16
"uniform",100,100,"single-1.5-95",0.0351633913177871,0.000761433247192275,0.0344019580705948,0.012279634075376,0.000348221453612649,0.0119314126217634,0.0101504943845229,0.000232186903384519,0.00991830748113841,0.65,0.7,0.65,0.7,0,1.11022302462516e-16
"uniform",100,100,"single-2-95",0.0349793140593923,0.000738228342999683,0.0342410857163926,0.0118474696512444,0.000350856077199829,0.0114966135740446,0.0103898593304783,0.000205771048124749,0.0101840882823535,0.67,0.73,0.67,0.73,0,2.22044604925031e-16
"uniform",100,100,"median-90",0.0338757899115898,0.000435282615478925,0.0334405072961109,0.011397903010171,0.000210110326641735,0.0111877926835293,0.00966537216799255,3.69414920130523e-05,0.0096284306759795,0.79,0.79,0.79,0.79,0,1.11022302462516e-16
"uniform",100,100,"vote-90",0.0338757899115898,0.000435282615478925,0.0334405072961109,0.011397903010171,0.000210110326641735,0.0111877926835293,0.00966537216799255,3.69414920130523e-05,0.0096284306759795,0.79,0.79,0.79,0.79,0,1.11022302462516e-16
"uniform",100,100,"vote-95",0.0318854637679857,0.000444412789471119,0.0314410509785145,0.010832802032572,0.000206756505177359,0.0106260455273946,0.00823194765557557,5.0710003529682e-05,0.00818123765204589,0.87,0.9,0.87,0.9,0,1.11022302462516e-16
"uniform",1000,100,"kde-current",0.00458911943386039,0.000123195088823585,0.00446592434503681,0.00166683029146066,6.92227494859114e-05,0.00159760754197475,0.00159673304722858,9.62432316008856e-06,0.0015871087240685,NA,NA,NA,NA,6.32797475579434e-09,2.22044604925031e-16
"uniform",1000,100,"single-95",0.00379607956960838,0.000130996098302809,0.00366508347130558,0.0012843866686856,4.22612830929953e-05,0.00124212538559261,0.00120052007613777,5.1345594302538e-05,0.00114917448183523,0.74,0.7,0.74,0.7,6.33057767207451e-09,2.22044604925031e-16
"uniform",1000,100,"single-1.5-95",0.00381767885835155,0.00012084718079626,0.00369683167755529,0.00127592738886872,3.27515762536521e-05,0.00124317581261507,0.00122912103360067,5.05283620314296e-05,0.00117859267156924,0.82,0.69,0.82,0.69,1.93936477529325e-05,2.22044604925031e-16
"uniform",1000,100,"single-2-95",0.00381184942018333,9.90963734823122e-05,0.00371275304670102,0.00130522324074235,3.29075871114687e-05,0.00127231565363089,0.00118972143822462,2.83245258226514e-05,0.00116139691240197,0.78,0.75,0.78,0.75,1.93936477529325e-05,2.22044604925031e-16
"uniform",1000,100,"median-90",0.0037637571051833,7.23407522910959e-05,0.0036914163528922,0.00127012675606472,2.79819544724081e-05,0.00124214480159231,0.0011777664292238,4.68625980623549e-06,0.00117308016941756,0.84,0.84,0.84,0.84,6.33057767207451e-09,2.22044604925031e-16
"uniform",1000,100,"vote-90",0.0037637571051833,7.23407522910959e-05,0.0036914163528922,0.00127012675606472,2.79819544724081e-05,0.00124214480159231,0.0011777664292238,4.68625980623549e-06,0.00117308016941756,0.84,0.84,0.84,0.84,6.33057767207451e-09,2.22044604925031e-16
"uniform",1000,100,"vote-95",0.00362762827836124,7.16661316866633e-05,0.00355596214667458,0.00120149079406307,2.56391144121468e-05,0.00117585167965092,0.00110939276034633,6.92558501454552e-06,0.00110246717533179,0.91,0.9,0.91,0.9,6.33057767207451e-09,2.22044604925031e-16
"uniform",2000,100,"kde-current",0.00222178056987251,6.21791105355296e-05,0.00215960145933698,0.000768223716127646,2.96354139538484e-05,0.000738588302173798,0.000849021464606157,2.40080442937546e-05,0.000825013420312402,NA,NA,NA,NA,0.00041306652255468,1.11022302462516e-16
"uniform",2000,100,"single-95",0.00182951975894074,2.90388099639102e-05,0.00180048094897683,0.000562771588628805,1.08061577264253e-05,0.00055196543090238,0.000664099182943261,9.85263060748603e-06,0.000654246552335775,0.81,0.79,0.81,0.79,0.000427940598708137,1.11022302462516e-16
"uniform",2000,100,"single-1.5-95",0.00187194506155839,1.90093424679686e-05,0.00185293571909043,0.000600490360408868,5.22292067570678e-06,0.000595267439733161,0.000669679998506429,5.52531321147942e-06,0.00066415468529495,0.83,0.84,0.83,0.84,0.000427940598708137,1.11022302462516e-16
"uniform",2000,100,"single-2-95",0.00180757806700822,2.34784277748362e-05,0.00178409963923338,0.000541100385218893,8.4533907650244e-06,0.000532646994453868,0.000664183635669372,6.68871426274667e-06,0.000657494921406625,0.88,0.84,0.88,0.84,0.000427940598708137,1.11022302462516e-16
"uniform",2000,100,"median-90",0.00187888201249991,1.88665212566633e-05,0.00186001549124325,0.000564349997872153,5.29231814880099e-06,0.000559057679723352,0.000710664021296797,5.35257580931804e-06,0.000705311445487479,0.91,0.8,0.91,0.8,0.000427940598708137,1.11022302462516e-16
"uniform",2000,100,"vote-90",0.00187888201249991,1.88665212566633e-05,0.00186001549124325,0.000564349997872153,5.29231814880099e-06,0.000559057679723352,0.000710664021296797,5.35257580931804e-06,0.000705311445487479,0.91,0.8,0.91,0.8,0.000427940598708137,1.11022302462516e-16
"uniform",2000,100,"vote-95",0.00175012124004211,1.88458399207556e-05,0.00173127540012135,0.000543857025510756,5.57575581703163e-06,0.000538281269693724,0.00060376351646917,5.03215654702641e-06,0.000598731359922143,0.93,0.92,0.93,0.92,0.000427940598708137,1.11022302462516e-16
"beta-1-2",100,100,"kde-current",0.0452169408150938,0.000354970969907924,0.0448619698451858,0.0306893049739044,0.00014262362515346,0.0305466813487509,0.000611637781132187,6.38147426040877e-06,0.000605256306871778,NA,NA,NA,NA,0,1.11022302462516e-16
"beta-1-2",100,100,"single-95",0.0381578421479701,0.000645417448081303,0.0375124246998888,0.02355364871879,0.000457175981001329,0.0230964727377887,0.000768062583551767,1.92362063564655e-05,0.000748826377195302,0.67,0.51,0.67,0.49,0,2.22044604925031e-16
"beta-1-2",100,100,"single-1.5-95",0.0391447581497541,0.000761530465982772,0.0383832276837713,0.0245139853396121,0.000573167886424792,0.0239408174531873,0.000768694620224218,1.26444380310741e-05,0.000756050182193144,0.59,0.75,0.59,0.25,0,1.11022302462516e-16
"beta-1-2",100,100,"single-2-95",0.0394500514824982,0.000571865397191171,0.038878186085307,0.0247654009525492,0.000381396460769478,0.0243840044917797,0.000753658240802613,8.76337172050094e-06,0.000744894869082112,0.59,0.87,0.59,0.13,0,1.11022302462516e-16
"beta-1-2",100,100,"median-90",0.0389604014953733,0.000299480749325628,0.0386609207460477,0.0242918518204971,8.17788016543939e-05,0.0242100730188427,0.000702443494037229,8.07378453048265e-06,0.000694369709506746,0.77,0.94,0.77,0.06,0,1.11022302462516e-16
"beta-1-2",100,100,"vote-90",0.0389604014953733,0.000299480749325628,0.0386609207460477,0.0242918518204971,8.17788016543939e-05,0.0242100730188427,0.000702443494037229,8.07378453048265e-06,0.000694369709506746,0.77,0.94,0.77,0.06,0,1.11022302462516e-16
"beta-1-2",100,100,"vote-95",0.0356643678809153,0.000217751309885197,0.0354466165710301,0.0210358597203943,1.81187809165201e-05,0.0210177409394778,0.000741777849535933,8.91808306355962e-06,0.000732859766472373,0.89,0.84,0.89,0.16,0,1.11022302462516e-16
"beta-1-2",1000,100,"kde-current",0.00622941335597601,0.000101587564273177,0.00612782579170284,0.00451672337826204,9.43554387791781e-05,0.00442236793948286,9.02072744846522e-05,1.55460319135784e-08,9.01917284527386e-05,NA,NA,NA,NA,0,1.11022302462516e-16
"beta-1-2",1000,100,"single-95",0.00529124863096217,0.000110121698790694,0.00518112693217148,0.00357825537492738,0.000100014564090765,0.00347824081083661,8.97843633139735e-05,1.1840214358906e-08,8.97725230996146e-05,0.66,0.99,0.66,0.01,0,1.11022302462516e-16
"beta-1-2",1000,100,"single-1.5-95",0.00525536506766485,0.000101544516058266,0.00515382055160659,0.00354473395881986,9.15539265449705e-05,0.00345318003227489,9.00401007445582e-05,1.17497403758797e-08,9.00283510041823e-05,0.74,1,0.74,0,0,1.11022302462516e-16
"beta-1-2",1000,100,"single-2-95",0.00513761227662957,5.78945891361482e-05,0.00507971768749342,0.00342972281757982,4.87076055548851e-05,0.00338101521202494,9.00239701021473e-05,1.24358879462303e-08,9.00115342142011e-05,0.77,1,0.77,0,0,1.11022302462516e-16
"beta-1-2",1000,100,"median-90",0.0049123689857565,4.93722850242422e-05,0.00486299670073226,0.00320691875823006,4.07493449194204e-05,0.00316616941331064,9.00442888497998e-05,1.30619411365843e-08,9.00312269086632e-05,0.85,1,0.85,0,0,1.11022302462516e-16
"beta-1-2",1000,100,"vote-90",0.0049123689857565,4.93722850242422e-05,0.00486299670073226,0.00320691875823006,4.07493449194204e-05,0.00316616941331064,9.00442888497998e-05,1.30619411365843e-08,9.00312269086632e-05,0.85,1,0.85,0,0,1.11022302462516e-16
"beta-1-2",1000,100,"vote-95",0.00479175426470969,4.91523689740518e-05,0.00474260189573564,0.00308282424744127,4.05622837487035e-05,0.00304226196369257,9.01045323537463e-05,1.31951660768547e-08,9.00913371876695e-05,0.9,1,0.9,0,0,1.11022302462516e-16
"beta-1-2",2000,100,"kde-current",0.00272230305310735,5.59676809242751e-05,0.00266633537218308,0.0019056790375289,4.31831657209516e-05,0.00186249587180795,3.49019550540507e-05,5.12563386140297e-07,3.43893916679104e-05,NA,NA,NA,NA,0,2.22044604925031e-16
"beta-1-2",2000,100,"single-95",0.00227842226439808,3.40702721838305e-05,0.00224435199221425,0.00146586980788403,2.1089106066304e-05,0.00144478070181773,3.4873876560525e-05,5.18956936090987e-07,3.4354919624434e-05,0.74,1,0.74,0,0,2.22044604925031e-16
"beta-1-2",2000,100,"single-1.5-95",0.00217658515518833,3.81566931004108e-05,0.00213842846208792,0.00136388840900227,2.50752121402069e-05,0.00133881319686206,3.4835864163282e-05,5.21680567860125e-07,3.43141835954219e-05,0.8,1,0.8,0,0,2.22044604925031e-16
"beta-1-2",2000,100,"single-2-95",0.00215978434563467,3.94198605827913e-05,0.00212036448505188,0.00134606968415594,2.63280331240295e-05,0.00131974165103191,3.48458558427712e-05,5.21477750032391e-07,3.43243780927388e-05,0.82,1,0.82,0,0,2.22044604925031e-16
"beta-1-2",2000,100,"median-90",0.00217684309476441,2.91319321580093e-05,0.0021477111626064,0.00136459368425178,1.62432324012425e-05,0.00134835045185054,3.48334709044314e-05,5.16930699224826e-07,3.43165402052066e-05,0.88,1,0.88,0,0,2.22044604925031e-16
"beta-1-2",2000,100,"vote-90",0.00217684309476441,2.91319321580093e-05,0.0021477111626064,0.00136459368425178,1.62432324012425e-05,0.00134835045185054,3.48334709044314e-05,5.16930699224826e-07,3.43165402052066e-05,0.88,1,0.88,0,0,2.22044604925031e-16
"beta-1-2",2000,100,"vote-95",0.00207141291327238,2.9292340230164e-05,0.00204212057304222,0.00125919314973815,1.63959872555449e-05,0.0012427971624826,3.4846487209274e-05,5.17220111703576e-07,3.43292670975705e-05,0.95,1,0.95,0,0,2.22044604925031e-16
"beta-0.75-2",100,100,"kde-current",0.10333078278857,0.0119855482130719,0.0913452345754977,0.0917400982146583,0.0118000473232489,0.0799400508914094,0.000303702741962194,7.78354490929604e-07,0.000302924387471264,NA,NA,NA,NA,0,1.11022302462516e-16
"beta-0.75-2",100,100,"single-95",0.0941217388781045,0.011349458756582,0.0827722801215225,0.0822135251348918,0.0111930600083389,0.0710204651265529,0.000450939023734345,1.53201727591279e-05,0.000435618850975217,0.75,0.52,0.25,0.48,0,1.11022302462516e-16
"beta-0.75-2",100,100,"single-1.5-95",0.0947974087167762,0.0107399481755028,0.0840574605412734,0.0829664350643179,0.0105821776101739,0.072384257454144,0.000418017455627756,7.39349579874081e-06,0.000410623959829015,0.78,0.78,0.22,0.22,0,1.11022302462516e-16
"beta-0.75-2",100,100,"single-2-95",0.0973258478625205,0.0110919402209551,0.0862339076415654,0.0856409967361105,0.0109161650043089,0.0747248317318016,0.00034650333943378,2.17330109423369e-06,0.000344330038339546,0.82,0.94,0.18,0.06,0,1.11022302462516e-16
"beta-0.75-2",100,100,"median-90",0.104073466961675,0.0174343600649418,0.0866391068967335,0.092400973768718,0.0171693962689645,0.0752315774997535,0.000336932160326384,1.85192848496392e-06,0.00033508023184142,0.47,0.97,0.53,0.03,0,1.11022302462516e-16
"beta-0.75-2",100,100,"vote-90",0.104073466961675,0.0174343600649418,0.0866391068967335,0.092400973768718,0.0171693962689645,0.0752315774997535,0.000336932160326384,1.85192848496392e-06,0.00033508023184142,0.47,0.97,0.53,0.03,0,1.11022302462516e-16
"beta-0.75-2",100,100,"vote-95",0.107767494152978,0.0259133115617868,0.081854182591191,0.0958601247621016,0.0255811216121714,0.0702790031499302,0.000376011903308601,3.97172603832936e-06,0.000372040177270272,0.28,0.91,0.72,0.09,0,1.11022302462516e-16
"beta-0.75-2",1000,100,"kde-current",0.0190167719805673,0.00748364876693982,0.0115331232136275,0.0176652908776476,0.00746281474640339,0.0102024761312443,4.61718908311821e-05,4.11391362501522e-07,4.57604994686805e-05,NA,NA,NA,NA,0,2.22044604925031e-16
"beta-0.75-2",1000,100,"single-95",0.0216750884821827,0.00822517975230909,0.0134499087298736,0.0203126662836491,0.00820358015740727,0.0121090861262418,4.98199501522167e-05,5.36008590649573e-07,4.92839415615672e-05,0.87,0.97,0.13,0.03,0,2.22044604925031e-16
"beta-0.75-2",1000,100,"single-1.5-95",0.0202283486798806,0.00777517646021835,0.0124531722196622,0.0188772549433714,0.00775421341037295,0.0111230415329985,4.62140569238117e-05,4.09161767609483e-07,4.58048951562022e-05,0.92,1,0.08,0,0,2.22044604925031e-16
"beta-0.75-2",1000,100,"single-2-95",0.0199825050901971,0.00766579347108848,0.0123167116191086,0.0186283657021565,0.00764487387625293,0.0109834918259035,4.62170248392874e-05,4.09703777269343e-07,4.5807321062018e-05,0.94,1,0.06,0,0,2.22044604925031e-16
"beta-0.75-2",1000,100,"median-90",0.0233981416545154,0.0088848493319451,0.0145132923225703,0.0220381666775545,0.00886288556872924,0.0131752811088253,4.62377835826615e-05,4.02073096310369e-07,4.58357104863512e-05,0.78,1,0.22,0,0,2.22044604925031e-16
"beta-0.75-2",1000,100,"vote-90",0.0233981416545154,0.0088848493319451,0.0145132923225703,0.0220381666775545,0.00886288556872924,0.0131752811088253,4.62377835826615e-05,4.02073096310369e-07,4.58357104863512e-05,0.78,1,0.22,0,0,2.22044604925031e-16
"beta-0.75-2",1000,100,"vote-95",0.0257620203679631,0.00985650758645671,0.0159055127815063,0.0244022726252111,0.00983354998846533,0.0145687226367458,4.63290826975616e-05,3.98468524490173e-07,4.59306141730714e-05,0.68,1,0.32,0,0,2.22044604925031e-16
"beta-0.75-2",2000,100,"kde-current",0.01508555489414,0.00850923175013998,0.00657632314399997,0.0143894041053101,0.0084756555891786,0.00591374851613146,2.29872314005426e-05,1.83641597051423e-07,2.28035898034912e-05,NA,NA,NA,NA,0,2.22044604925031e-16
"beta-0.75-2",2000,100,"single-95",0.0178927623292423,0.00931447188432378,0.00857829044491854,0.0171909169521438,0.00928145051848341,0.00790946643366039,2.30109518469592e-05,1.73395168733203e-07,2.2837556678226e-05,0.81,1,0.19,0,0,1.11022302462516e-16
"beta-0.75-2",2000,100,"single-1.5-95",0.0164612710663761,0.0087588645792512,0.00770240648712489,0.0157624921763759,0.00872563247402369,0.00703685970235222,2.29791810666458e-05,1.79354615629126e-07,2.27998264510167e-05,0.9,1,0.1,0,0,1.11022302462516e-16
"beta-0.75-2",2000,100,"single-2-95",0.0157503979265844,0.0085827190900329,0.00716767883655155,0.0150519078419661,0.0085493769885552,0.00650253085341095,2.29816741670793e-05,1.81112470633985e-07,2.28005616964453e-05,0.94,1,0.06,0,0,1.11022302462516e-16
"beta-0.75-2",2000,100,"median-90",0.017694420737506,0.00919636996660086,0.00849805077090512,0.0169936481569977,0.00916327791737292,0.00783037023962477,2.30001070652951e-05,1.74838196823934e-07,2.28252688684712e-05,0.83,1,0.17,0,0,1.11022302462516e-16
"beta-0.75-2",2000,100,"vote-90",0.017694420737506,0.00919636996660086,0.00849805077090512,0.0169936481569977,0.00916327791737292,0.00783037023962477,2.30001070652951e-05,1.74838196823934e-07,2.28252688684712e-05,0.83,1,0.17,0,0,1.11022302462516e-16
"beta-0.75-2",2000,100,"vote-95",0.0189734607854946,0.00967388755222815,0.00929957323326641,0.0182724507734024,0.00964087574067331,0.00863157503272911,2.30170026525439e-05,1.71432647905287e-07,2.28455700046386e-05,0.77,1,0.23,0,0,1.11022302462516e-16
"beta-0.75-0.75",100,100,"kde-current",0.0701482728754187,0.00155813534598916,0.0685901375294296,0.0304626880324348,0.000949055694439168,0.0295136323379957,0.0325734665545723,0.000599057090266889,0.0319744094643054,NA,NA,NA,NA,1.00337510605646e-53,1.11022302462516e-16
"beta-0.75-0.75",100,100,"single-95",0.0633027826564518,0.00155650647026388,0.0617462761861879,0.0265330555588591,0.000844633122721144,0.025688422436138,0.0297734339887635,0.000697285110476889,0.0290761488782866,0.71,0.7,0.29,0.3,2.70295283383755e-08,1.11022302462516e-16
"beta-0.75-0.75",100,100,"single-1.5-95",0.0653837942836675,0.00156500048051562,0.0638187938031519,0.0279714803616632,0.000867686562138423,0.0271037937995248,0.0303574143960939,0.000683053509164122,0.0296743608869298,0.73,0.76,0.27,0.24,5.68124764878753e-08,1.11022302462516e-16
"beta-0.75-0.75",100,100,"single-2-95",0.0664838619258033,0.00163330495450213,0.0648505569713012,0.0291088443155113,0.000933175566093991,0.0281756687494173,0.0303121944539524,0.000686289887512471,0.0296259045664399,0.75,0.79,0.25,0.21,2.70295283383755e-08,1.11022302462516e-16
"beta-0.75-0.75",100,100,"median-90",0.0668447189934785,0.00213687174922969,0.0647078472442488,0.028657209378944,0.00148416979983781,0.0271730395791061,0.03112554574768,0.000642603244003097,0.0304829425036769,0.46,0.51,0.54,0.49,1.74518520713497e-07,1.11022302462516e-16
"beta-0.75-0.75",100,100,"vote-90",0.0668447189934785,0.00213687174922969,0.0647078472442488,0.028657209378944,0.00148416979983781,0.0271730395791061,0.03112554574768,0.000642603244003097,0.0304829425036769,0.46,0.51,0.54,0.49,1.74518520713497e-07,1.11022302462516e-16
"beta-0.75-0.75",100,100,"vote-95",0.0651942669000884,0.00390161803235702,0.0612926488677314,0.0280949089361279,0.00231658005540894,0.025778328880719,0.0300949288785869,0.00157248430593897,0.0285224445726479,0.34,0.31,0.66,0.69,7.59886136601248e-06,1.11022302462516e-16
"beta-0.75-0.75",1000,100,"kde-current",0.00988648152079718,0.00273966149466241,0.00714682002613477,0.00460950574110299,0.00138524004010197,0.00322426570100101,0.00442155731559371,0.00134556387167816,0.00307599344391555,NA,NA,NA,NA,0.163655037117267,1.11022302462516e-16
"beta-0.75-0.75",1000,100,"single-95",0.0107405089864702,0.00286916198635601,0.00787134700011416,0.00499918531901173,0.0014468169621687,0.00355236835684303,0.00487935167031932,0.00141164183742496,0.00346770983289435,0.87,0.88,0.13,0.12,0.7863851245034,1.11022302462516e-16
"beta-0.75-0.75",1000,100,"single-1.5-95",0.0102870666247854,0.00278567543416402,0.00750139119062134,0.00471646598499695,0.00139127994492352,0.00332518604007342,0.00471221266704946,0.00138465804761353,0.00332755461943593,0.92,0.91,0.08,0.09,0.639857430838072,1.11022302462516e-16
"beta-0.75-0.75",1000,100,"single-2-95",0.010256687005928,0.00279203515035173,0.00746465185557625,0.00479655616738681,0.0014232208918276,0.00337333527555921,0.00460189663488603,0.00135933149427092,0.00324256514061511,0.91,0.94,0.09,0.06,0.639857430838072,1.11022302462516e-16
"beta-0.75-0.75",1000,100,"median-90",0.0113341946744834,0.00303692624943848,0.00829726842504488,0.00552601607198135,0.00161612956839203,0.00390988650358932,0.0049441561729981,0.00140943241263818,0.00353472376035992,0.77,0.85,0.23,0.15,0.639857430838072,1.11022302462516e-16
"beta-0.75-0.75",1000,100,"vote-90",0.0113341946744834,0.00303692624943848,0.00829726842504488,0.00552601607198135,0.00161612956839203,0.00390988650358932,0.0049441561729981,0.00140943241263818,0.00353472376035992,0.77,0.85,0.23,0.15,0.639857430838072,1.11022302462516e-16
"beta-0.75-0.75",1000,100,"vote-95",0.0127905333626411,0.00350784384396239,0.00928268951867866,0.00628801233826839,0.00189437702781669,0.00439363531045169,0.00563172873977056,0.00159931848395278,0.00403241025581779,0.66,0.74,0.34,0.26,0.7863851245034,1.11022302462516e-16
"beta-0.75-0.75",2000,100,"kde-current",0.00684077886201357,0.00270665655031356,0.00413412231170002,0.00304691730201407,0.0013214906725532,0.00172542662946087,0.00332276610510772,0.00136989453476547,0.00195287157034225,NA,NA,NA,NA,0.37705599508214,2.22044604925031e-16
"beta-0.75-0.75",2000,100,"single-95",0.00772900065720123,0.00299776559822408,0.00473123505897715,0.00352806248353887,0.00141371011658039,0.00211435236695848,0.0037271196112084,0.00156706684549027,0.00216005276571813,0.88,0.86,0.12,0.14,0.793775176927469,1.11022302462516e-16
"beta-0.75-0.75",2000,100,"single-1.5-95",0.00713066662475509,0.0027464281638779,0.00438423846087719,0.00318155231896237,0.00133992409120143,0.00184162822776094,0.00347775798206784,0.00139074625748771,0.00208701172458013,0.94,0.93,0.06,0.07,0.793775176927469,1.11022302462516e-16
"beta-0.75-0.75",2000,100,"single-2-95",0.00706075203244803,0.00273322696679824,0.00432752506564979,0.003194836709572,0.00134366972475958,0.00185116698481242,0.00339375219571971,0.00137397305064016,0.00201977914507954,0.94,0.96,0.06,0.04,0.37705599508214,1.11022302462516e-16
"beta-0.75-0.75",2000,100,"median-90",0.0075581872325074,0.0028437896946846,0.0047143975378228,0.0034810219983618,0.00140846040120306,0.00207256159715873,0.00360446463231341,0.00141899086237187,0.00218547376994154,0.88,0.9,0.12,0.1,0.793775176927469,1.11022302462516e-16
"beta-0.75-0.75",2000,100,"vote-90",0.00756867245068476,0.00285026956433839,0.00471840288634637,0.00348103301206084,0.00140849467309012,0.00207253833897071,0.00361509248622447,0.00142545271887366,0.00218963976735082,0.88,0.91,0.12,0.09,0.37705599508214,1.11022302462516e-16
"beta-0.75-0.75",2000,100,"vote-95",0.00871945752096456,0.00320121654235764,0.00551824097860691,0.00416036224794122,0.00162157367055352,0.0025387885773877,0.00408287571203191,0.0015617130318416,0.00252116268019031,0.77,0.82,0.23,0.18,0.793775176927469,1.11022302462516e-16
