"distribution","sample_size","replications","method","global_ise","global_squared_bias","global_variance","boundary_ise","boundary_squared_bias","boundary_variance","finite_rate","mean_floor_ratio","minimum_density","maximum_mass_error"
"exponential",100,30,"current",0.0165472389855547,0.00205016560497188,0.0144970733805828,0.0106234994208158,0.00126599700538637,0.00935750241542941,NA,NA,1.87620764495024e-15,1.11022302462516e-16
"exponential",100,30,"fixed-15pct",0.0164068280322217,0.00176173524182124,0.0146450927904004,0.0104884088522769,0.000969273783595678,0.00951913506868119,0.666666666666667,2.26138933228023,0,1.11022302462516e-16
"exponential",100,30,"fixed-20pct",0.0157245002505956,0.00165925024528034,0.0140652500053152,0.00977827871653413,0.000871272403187169,0.00890700631334696,0.666666666666667,2.72230964287038,1.8683320459021e-15,1.11022302462516e-16
"exponential",100,30,"fixed-25pct",0.0154464207902959,0.00159454865963953,0.0138518721306564,0.0094772157298769,0.00081402806341869,0.00866318766645821,0.666666666666667,3.3746911588894,1.86756569172953e-15,1.11022302462516e-16
"exponential",100,30,"fixed-30pct",0.0152787565880896,0.00159907933870905,0.0136796772493806,0.00929504572248738,0.000818405451515906,0.00847664027097147,0.666666666666667,4.09079193231902,1.87053078117119e-15,1.11022302462516e-16
"exponential",100,30,"fixed-35pct",0.0150985550244765,0.00157889875105775,0.0135196562734187,0.00910619553077884,0.00080019644459805,0.00830599908618079,0.666666666666667,4.74814780644128,1.87467719387415e-15,1.11022302462516e-16
"exponential",100,30,"fixed-40pct",0.0148474205746887,0.00152076471560491,0.0133266558590838,0.00886082377495489,0.000749827554669101,0.00811099622028579,0.666666666666667,5.28142581925347,1.87508377257283e-15,2.22044604925031e-16
"exponential",100,30,"fixed-50pct",0.0144525145480613,0.00140802584850766,0.0130444886995537,0.00850068136672482,0.000655265975954673,0.00784541539077015,0.666666666666667,6.6658845934232,1.87677765384802e-15,1.11022302462516e-16
"exponential",100,30,"fixed-75pct",0.013372535861314,0.0011785272962235,0.0121940085650905,0.00753230138812056,0.000480751354051795,0.00705155003406876,0.666666666666667,11.0333560732554,1.8732244279489e-15,1.11022302462516e-16
"exponential",100,30,"fixed-100pct",0.0122027604558946,0.00112660422901432,0.0110761562268802,0.00650597734670406,0.000461015912509725,0.00604496143419433,0.666666666666667,25.0263770275047,1.87799591395489e-15,1.11022302462516e-16
"exponential",100,30,"shrinking",0.017856701300014,0.00171894251195662,0.0161377587880574,0.0119985964464945,0.000950185514962622,0.0110484109315318,0.666666666666667,1.53936144201145,0,1.11022302462516e-16
"exponential",1000,30,"current",0.00240917299788813,0.000470619160762849,0.00193855383712528,0.00165537707098662,0.000403802822230112,0.00125157424875651,NA,NA,1.84245192195729e-08,1.11022302462516e-16
"exponential",1000,30,"fixed-15pct",0.00226862893387558,0.000267541194142079,0.0020010877397335,0.00151319998629151,0.000204448971019676,0.00130875101527183,0.8,4.74481059084514,1.84460227396814e-08,1.11022302462516e-16
"exponential",1000,30,"fixed-20pct",0.00225442266571058,0.000262749740050737,0.00199167292565984,0.00149821118453056,0.000200035780791981,0.00129817540373858,0.8,5.98252748718848,1.84548529261594e-08,1.11022302462516e-16
"exponential",1000,30,"fixed-25pct",0.00223163792088978,0.000257242065644417,0.00197439585524536,0.0014751821032443,0.000194947305987805,0.00128023479725649,0.8,7.22495317992321,1.84584351924974e-08,2.22044604925031e-16
"exponential",1000,30,"fixed-30pct",0.00221870029017855,0.000252826191135576,0.00196587409904297,0.00146218422878417,0.000190827664872001,0.00127135656391217,0.8,8.52165916461346,1.84604292036413e-08,1.11022302462516e-16
"exponential",1000,30,"fixed-35pct",0.00219384531132905,0.000247241712589002,0.00194660359874005,0.00143795550079077,0.000185653506736015,0.00125230199405476,0.8,9.8649716598902,1.84610565220666e-08,1.11022302462516e-16
"exponential",1000,30,"fixed-40pct",0.00217145301439129,0.000242349204881074,0.00192910380951022,0.00141640854005911,0.000181158632597437,0.00123524990746168,0.8,11.0937383479702,1.84608070901668e-08,2.22044604925031e-16
"exponential",1000,30,"fixed-50pct",0.00211986240298299,0.000235244426606243,0.00188461797637675,0.00136696335158836,0.00017465441086855,0.00119230894071981,0.8,14.2235753638748,1.84549854155193e-08,1.11022302462516e-16
"exponential",1000,30,"fixed-75pct",0.00193955914179103,0.000214004486169561,0.00172555465562147,0.00119551447318874,0.000155328617762214,0.00104018585542653,0.8,23.6847920686692,1.84070208807465e-08,1.11022302462516e-16
"exponential",1000,30,"fixed-100pct",0.00179827087563706,0.000210590735373438,0.00158768014026362,0.0010637085141229,0.000152188847628034,0.00091151966649487,0.8,59.0059636907067,1.83724706743234e-08,1.11022302462516e-16
"exponential",1000,30,"shrinking",0.00273822412309522,0.00028350698150981,0.00245471714158541,0.00198144991484761,0.000219256056318021,0.00176219385852959,0.8,1.39713095946284,0,1.11022302462516e-16
"half_normal",100,30,"current",0.0219941368244042,0.0030219174956199,0.0189722193287843,0.0110161925675509,0.000849741178896194,0.0101664513886547,NA,NA,0,2.22044604925031e-16
"half_normal",100,30,"fixed-15pct",0.0227249965243955,0.00273111590377345,0.019993880620622,0.0117287333016139,0.000600066952616288,0.0111286663489976,0.8,2.37019396388901,0,1.11022302462516e-16
"half_normal",100,30,"fixed-20pct",0.0224219661004901,0.00271727802633407,0.0197046880741561,0.011438676091904,0.000586237600351728,0.0108524384915523,0.8,2.71464262028137,0,1.11022302462516e-16
"half_normal",100,30,"fixed-25pct",0.0219269324508956,0.00269041598616543,0.0192365164647302,0.0109498342362696,0.000558589786947187,0.0103912444493225,0.8,3.14072469187916,0,1.11022302462516e-16
"half_normal",100,30,"fixed-30pct",0.0215633488241571,0.00267166572203566,0.0188916831021214,0.0105948753978839,0.000542078086840766,0.0100527973110432,0.8,3.60955830997078,0,1.11022302462516e-16
"half_normal",100,30,"fixed-35pct",0.0210312218425393,0.00266532168736644,0.0183659001551728,0.0100696160284695,0.000533729203646682,0.00953588682482281,0.8,4.16410671809387,0,1.11022302462516e-16
"half_normal",100,30,"fixed-40pct",0.0206204333336116,0.0026483827572441,0.0179720505763675,0.00965859372516434,0.000516888221053642,0.0091417055041107,0.8,4.81231426826691,0,1.11022302462516e-16
"half_normal",100,30,"fixed-50pct",0.0200327113370716,0.00263109300195777,0.0174016183351138,0.00906277994189698,0.000497753785072715,0.00856502615682426,0.8,5.9807411308278,3.06939566084117e-10,1.11022302462516e-16
"half_normal",100,30,"fixed-75pct",0.0191219774632953,0.00246802725978619,0.0166539502035091,0.00820055137292614,0.000374255974420255,0.00782629539850588,0.8,9.15049092595185,3.07494413352088e-10,1.11022302462516e-16
"half_normal",100,30,"fixed-100pct",0.0177911170386674,0.00223295181803002,0.0155581652206374,0.00704315204661345,0.000232650073862045,0.0068105019727514,0.8,14.7602804283356,3.06779576076905e-10,1.11022302462516e-16
"half_normal",100,30,"shrinking",0.0237532831195187,0.00267081247804823,0.0210824706414705,0.0127376215859904,0.000545114336237087,0.0121925072497533,0.8,1.70499785686247,0,1.11022302462516e-16
"half_normal",1000,30,"current",0.00274341237242215,0.000280571449502999,0.00246284092291915,0.00156264121910904,8.45358254246363e-05,0.00147810539368441,NA,NA,4.07601257168278e-10,2.22044604925031e-16
"half_normal",1000,30,"fixed-15pct",0.00239860475791024,0.00023031830376732,0.00216828645414292,0.00122490802991675,4.12353743580945e-05,0.00118367265555866,0.7,4.34564987912544,1.13038952589692e-05,2.22044604925031e-16
"half_normal",1000,30,"fixed-20pct",0.00234511782877151,0.000233818969557785,0.00211129885921373,0.00117410137914751,4.61022224571394e-05,0.00112799915669037,0.7,5.32984658897953,1.13034006367537e-05,2.22044604925031e-16
"half_normal",1000,30,"fixed-25pct",0.00232711352945201,0.000237367111878006,0.00208974641757401,0.00115726236610121,5.02670537112527e-05,0.00110699531238995,0.7,6.43401199260486,1.13040847624379e-05,2.22044604925031e-16
"half_normal",1000,30,"fixed-30pct",0.00231117000000692,0.000240171907376736,0.00207099809263018,0.00114228501393874,5.35257957790126e-05,0.00108875921815973,0.7,7.48910434944926,1.13047763103815e-05,2.22044604925031e-16
"half_normal",1000,30,"fixed-35pct",0.00229686297939699,0.000242642686529828,0.00205422029286716,0.00112882622241208,5.63660204190984e-05,0.00107246020199298,0.7,8.43677378168733,1.13050274090261e-05,2.22044604925031e-16
"half_normal",1000,30,"fixed-40pct",0.00228944963338305,0.000242831116619971,0.00204661851676308,0.00112179246612444,5.655341339539e-05,0.00106523905272905,0.7,9.34145379661723,1.13047290481858e-05,2.22044604925031e-16
"half_normal",1000,30,"fixed-50pct",0.00227344588313635,0.000243474537140234,0.00202997134599611,0.00110571228344061,5.71353280387194e-05,0.00104857695540189,0.7,11.3280875827355,1.13029900215361e-05,2.22044604925031e-16
"half_normal",1000,30,"fixed-75pct",0.00221714034673766,0.000243482061837878,0.00197365828489979,0.00104976938408884,5.78750403428966e-05,0.000991894343745948,0.7,16.7479465148207,1.1293032196771e-05,2.22044604925031e-16
"half_normal",1000,30,"fixed-100pct",0.0021329497805297,0.000243836210442882,0.00188911357008682,0.000968433716153227,6.06661299234941e-05,0.000907767586229733,0.7,27.3251884944149,1.12679030054272e-05,2.22044604925031e-16
"half_normal",1000,30,"shrinking",0.00284213353017322,0.000230931420125264,0.00261120211004796,0.00166941156763807,4.14921749166945e-05,0.00162791939272138,0.7,1.35077773725852,0,2.22044604925031e-16
"gamma_2",100,30,"current",0.00448352076124264,0.000201561828895339,0.00428195893234731,0.00146327990980918,0.000135018357992683,0.0013282615518165,NA,NA,0,2.22044604925031e-16
"gamma_2",100,30,"fixed-15pct",0.00459371029079864,0.000201207501479278,0.00439250278931936,0.00158037848320732,0.000136949605033015,0.00144342887817431,0.333333333333333,1.91525005228117,0,1.11022302462516e-16
"gamma_2",100,30,"fixed-20pct",0.00455634729915098,0.000208004490920689,0.00434834280823029,0.00154236062875898,0.000142810162262304,0.00139955046649668,0.333333333333333,2.29761042217586,0,1.11022302462516e-16
"gamma_2",100,30,"fixed-25pct",0.00455623114841961,0.000214821631304367,0.00434140951711525,0.00154202356205872,0.000149333840245232,0.00139268972181349,0.333333333333333,2.77544275831225,0,1.11022302462516e-16
"gamma_2",100,30,"fixed-30pct",0.00455120479869776,0.000215698390397887,0.00433550640829987,0.00153831983882578,0.000150238994097621,0.00138808084472816,0.333333333333333,2.90797508198628,0,1.11022302462516e-16
"gamma_2",100,30,"fixed-35pct",0.0045471326651577,0.000217952041254612,0.00432918062390309,0.00153459820934171,0.00015244906752056,0.00138214914182115,0.333333333333333,2.99786682361582,0,1.11022302462516e-16
"gamma_2",100,30,"fixed-40pct",0.00454576337060127,0.000220363954783064,0.0043253994158182,0.00153287357090786,0.000154975717175496,0.00137789785373237,0.333333333333333,3.23371893266245,0,1.11022302462516e-16
"gamma_2",100,30,"fixed-50pct",0.00455160765603087,0.000226965756163114,0.00432464189986776,0.00153792876544311,0.000162076200268522,0.00137585256517459,0.333333333333333,3.75543047296855,0,1.11022302462516e-16
"gamma_2",100,30,"fixed-75pct",0.00460136779113603,0.000236565440002761,0.00436480235113327,0.00158461737904955,0.000173807172003612,0.00141081020704594,0.333333333333333,5.25961330940397,0,1.11022302462516e-16
"gamma_2",100,30,"fixed-100pct",0.00474861631473468,0.00023424922057421,0.00451436709416047,0.00171685956647603,0.000174884739131384,0.00154197482734464,0.333333333333333,8.06494615215408,0,1.11022302462516e-16
"gamma_2",100,30,"shrinking",0.0046866663853133,0.000191314677613302,0.00449535170769999,0.00167153051624082,0.000128138743162736,0.00154339177307808,0.333333333333333,1.46249077481671,0,1.11022302462516e-16
"gamma_2",1000,30,"current",0.000647619657310632,2.25272471129222e-05,0.00062509241019771,0.000297582963303315,5.0444987514047e-06,0.000292538464551911,NA,NA,0,1.11022302462516e-16
"gamma_2",1000,30,"fixed-15pct",0.000647619657310632,2.25272471129222e-05,0.00062509241019771,0.000297582963303315,5.0444987514047e-06,0.000292538464551911,0,NA,0,1.11022302462516e-16
"gamma_2",1000,30,"fixed-20pct",0.000647619657310632,2.25272471129222e-05,0.00062509241019771,0.000297582963303315,5.0444987514047e-06,0.000292538464551911,0,NA,0,1.11022302462516e-16
"gamma_2",1000,30,"fixed-25pct",0.000647619657310632,2.25272471129222e-05,0.00062509241019771,0.000297582963303315,5.0444987514047e-06,0.000292538464551911,0,NA,0,1.11022302462516e-16
"gamma_2",1000,30,"fixed-30pct",0.000647619657310632,2.25272471129222e-05,0.00062509241019771,0.000297582963303315,5.0444987514047e-06,0.000292538464551911,0,NA,0,1.11022302462516e-16
"gamma_2",1000,30,"fixed-35pct",0.000647619657310632,2.25272471129222e-05,0.00062509241019771,0.000297582963303315,5.0444987514047e-06,0.000292538464551911,0,NA,0,1.11022302462516e-16
"gamma_2",1000,30,"fixed-40pct",0.000647619657310632,2.25272471129222e-05,0.00062509241019771,0.000297582963303315,5.0444987514047e-06,0.000292538464551911,0,NA,0,1.11022302462516e-16
"gamma_2",1000,30,"fixed-50pct",0.000647619657310632,2.25272471129222e-05,0.00062509241019771,0.000297582963303315,5.0444987514047e-06,0.000292538464551911,0,NA,0,1.11022302462516e-16
"gamma_2",1000,30,"fixed-75pct",0.000647619657310632,2.25272471129222e-05,0.00062509241019771,0.000297582963303315,5.0444987514047e-06,0.000292538464551911,0,NA,0,1.11022302462516e-16
"gamma_2",1000,30,"fixed-100pct",0.000647619657310632,2.25272471129222e-05,0.00062509241019771,0.000297582963303315,5.0444987514047e-06,0.000292538464551911,0,NA,0,1.11022302462516e-16
"gamma_2",1000,30,"shrinking",0.000647619657310632,2.25272471129222e-05,0.00062509241019771,0.000297582963303315,5.0444987514047e-06,0.000292538464551911,0,NA,0,1.11022302462516e-16
"gamma_0.75",100,30,"current",0.0662130479543093,0.00603847252934643,0.0601745754249629,0.0596204629596765,0.00509342274353279,0.0545270402161437,NA,NA,2.97020597181301e-32,2.22044604925031e-16
"gamma_0.75",100,30,"fixed-15pct",0.0688437108923025,0.00596993002684055,0.062873780865462,0.0622764116383608,0.00502879344888837,0.0572476181894724,0.233333333333333,2.51217988508221,2.97020597181301e-32,2.22044604925031e-16
"gamma_0.75",100,30,"fixed-20pct",0.0681154550739925,0.00587067138602011,0.0622447836879724,0.0615411348528898,0.00493451100349295,0.0566066238493968,0.233333333333333,3.00451108242131,2.97020597181301e-32,2.22044604925031e-16
"gamma_0.75",100,30,"fixed-25pct",0.0669550767706018,0.00570743403616402,0.0612476427344378,0.0603956774670474,0.00477713459093501,0.0556185428761124,0.233333333333333,3.60367826811898,2.97020597181301e-32,2.22044604925031e-16
"gamma_0.75",100,30,"fixed-30pct",0.0658758521149039,0.00556660841555187,0.060309243699352,0.0593383501020204,0.004642953742049,0.0546953963599714,0.233333333333333,5.02363090385764,2.97020597181301e-32,2.22044604925031e-16
"gamma_0.75",100,30,"fixed-35pct",0.0654203316851601,0.00548660007863664,0.0599337316065235,0.0588890777872092,0.00456762074901735,0.0543214570381918,0.233333333333333,6.27557902395686,2.97020597181301e-32,2.22044604925031e-16
"gamma_0.75",100,30,"fixed-40pct",0.0650860242835899,0.00542694184924156,0.0596590824343483,0.0585561390714141,0.00451209769209147,0.0540440413793226,0.233333333333333,7.16425287464413,2.97020597181301e-32,2.22044604925031e-16
"gamma_0.75",100,30,"fixed-50pct",0.0647090006418789,0.00533834478367925,0.0593706558581996,0.0581738553795754,0.00442938224035204,0.0537444731392233,0.233333333333333,10.0698415841485,2.97020597181301e-32,2.22044604925031e-16
"gamma_0.75",100,30,"fixed-75pct",0.0651901055934623,0.00551032830221601,0.0596797772912463,0.0586057654421702,0.0045791668266887,0.0540265986154815,0.233333333333333,19.660134936497,2.97020597181301e-32,2.22044604925031e-16
"gamma_0.75",100,30,"fixed-100pct",0.0676880390463463,0.0060496287625182,0.0616384102838281,0.0609849876154783,0.00506658758002695,0.0559184000354514,0.233333333333333,51.1114722569795,2.97020597181301e-32,2.22044604925031e-16
"gamma_0.75",100,30,"shrinking",0.0708120152547144,0.00622858341689876,0.0645834318378157,0.0642682642137913,0.0052944469595103,0.058973817254281,0.233333333333333,1.56444490537761,0,2.22044604925031e-16
"gamma_0.75",1000,30,"current",0.00800935397940015,0.00240562435989908,0.00560372961950107,0.00685770784468224,0.00230260733820975,0.00455510050647249,NA,NA,2.36840057628249e-09,1.11022302462516e-16
"gamma_0.75",1000,30,"fixed-15pct",0.00800935397940015,0.00240562435989908,0.00560372961950107,0.00685770784468224,0.00230260733820975,0.00455510050647249,0,NA,2.36840057628249e-09,1.11022302462516e-16
"gamma_0.75",1000,30,"fixed-20pct",0.00800935397940015,0.00240562435989908,0.00560372961950107,0.00685770784468224,0.00230260733820975,0.00455510050647249,0,NA,2.36840057628249e-09,1.11022302462516e-16
"gamma_0.75",1000,30,"fixed-25pct",0.00800935397940015,0.00240562435989908,0.00560372961950107,0.00685770784468224,0.00230260733820975,0.00455510050647249,0,NA,2.36840057628249e-09,1.11022302462516e-16
"gamma_0.75",1000,30,"fixed-30pct",0.00800935397940015,0.00240562435989908,0.00560372961950107,0.00685770784468224,0.00230260733820975,0.00455510050647249,0,NA,2.36840057628249e-09,1.11022302462516e-16
"gamma_0.75",1000,30,"fixed-35pct",0.00800935397940015,0.00240562435989908,0.00560372961950107,0.00685770784468224,0.00230260733820975,0.00455510050647249,0,NA,2.36840057628249e-09,1.11022302462516e-16
"gamma_0.75",1000,30,"fixed-40pct",0.00800935397940015,0.00240562435989908,0.00560372961950107,0.00685770784468224,0.00230260733820975,0.00455510050647249,0,NA,2.36840057628249e-09,1.11022302462516e-16
"gamma_0.75",1000,30,"fixed-50pct",0.00800935397940015,0.00240562435989908,0.00560372961950107,0.00685770784468224,0.00230260733820975,0.00455510050647249,0,NA,2.36840057628249e-09,1.11022302462516e-16
"gamma_0.75",1000,30,"fixed-75pct",0.00800935397940015,0.00240562435989908,0.00560372961950107,0.00685770784468224,0.00230260733820975,0.00455510050647249,0,NA,2.36840057628249e-09,1.11022302462516e-16
"gamma_0.75",1000,30,"fixed-100pct",0.00800935397940015,0.00240562435989908,0.00560372961950107,0.00685770784468224,0.00230260733820975,0.00455510050647249,0,NA,2.36840057628249e-09,1.11022302462516e-16
"gamma_0.75",1000,30,"shrinking",0.00800935397940015,0.00240562435989908,0.00560372961950107,0.00685770784468224,0.00230260733820975,0.00455510050647249,0,NA,2.36840057628249e-09,1.11022302462516e-16
"lomax_2",100,30,"current",0.0320268987246898,0.00648388858700561,0.0255430101376842,0.022571498829797,0.00539273643819479,0.0171787623916022,NA,NA,0,1.11022302462516e-16
"lomax_2",100,30,"fixed-15pct",0.0341784289040103,0.00545431820112166,0.0287241107028886,0.0246692629391396,0.00437317194694695,0.0202960909921927,0.7,1.74298292023704,0,1.11022302462516e-16
"lomax_2",100,30,"fixed-20pct",0.0329364272846334,0.00531565631751246,0.0276207709671209,0.0234373427192617,0.00422860716891606,0.0192087355503456,0.7,2.25345608974253,0,1.11022302462516e-16
"lomax_2",100,30,"fixed-25pct",0.0315504362882948,0.00516885482754763,0.0263815814607472,0.022037140835904,0.00407275491685668,0.0179643859190473,0.7,2.77239130253995,0,1.11022302462516e-16
"lomax_2",100,30,"fixed-30pct",0.0302487831990908,0.00501418054191126,0.0252346026571795,0.0207106798807081,0.00390287366269442,0.0168078062180136,0.7,3.42851685390775,0,1.11022302462516e-16
"lomax_2",100,30,"fixed-35pct",0.0299454664033389,0.00498769968054349,0.0249577667227954,0.0204190781644711,0.00387799504835325,0.0165410831161179,0.7,4.08323232164168,0,1.11022302462516e-16
"lomax_2",100,30,"fixed-40pct",0.0294528981772044,0.00493738819233153,0.0245155099848729,0.0199445389599459,0.00382085750427208,0.0161236814556738,0.7,4.72644379724695,0,1.11022302462516e-16
"lomax_2",100,30,"fixed-50pct",0.0285189100946901,0.00474155087942755,0.0237773592152626,0.0190556289633984,0.00360673315380207,0.0154488958095963,0.7,6.18958080513734,0,1.11022302462516e-16
"lomax_2",100,30,"fixed-75pct",0.0262364414943695,0.00434160891191695,0.0218948325824526,0.0169627470963472,0.00315960086719081,0.0138031462291564,0.7,11.9477658059949,0,1.11022302462516e-16
"lomax_2",100,30,"fixed-100pct",0.0344264830854107,0.0101608357551471,0.0242656473302637,0.0250325446664152,0.00909821530212285,0.0159343293642923,0.7,92.7046182399041,0,1.11022302462516e-16
"lomax_2",100,30,"shrinking",0.0349986902781772,0.0053166941988258,0.0296819960793514,0.0255221859554241,0.00423518037423045,0.0212870055811936,0.7,1.33704272336928,0,1.11022302462516e-16
"lomax_2",1000,30,"current",0.00466466138729923,0.00143513707469976,0.00322952431259947,0.00350149716851033,0.00112671300315472,0.00237478416535561,NA,NA,0,1.11022302462516e-16
"lomax_2",1000,30,"fixed-15pct",0.00436099990888606,0.000878121257830974,0.00348287865105509,0.00320092795758196,0.000564160869336452,0.00263676708824551,0.666666666666667,4.4932550558715,0,1.11022302462516e-16
"lomax_2",1000,30,"fixed-20pct",0.00423966119040754,0.000876618726807714,0.00336304246359983,0.00307622311705505,0.000560854659297538,0.00251536845775752,0.666666666666667,5.81675470465849,0,1.11022302462516e-16
"lomax_2",1000,30,"fixed-25pct",0.0041430445540767,0.000876082849395204,0.0032669617046815,0.00297729161922663,0.00055846411536554,0.00241882750386109,0.666666666666667,7.11933483971629,0,2.22044604925031e-16
"lomax_2",1000,30,"fixed-30pct",0.0040731577359026,0.000877330147025215,0.00319582758887738,0.00290481115181225,0.00055813996746545,0.0023466711843468,0.666666666666667,8.52294235352961,0,1.11022302462516e-16
"lomax_2",1000,30,"fixed-35pct",0.00401937859112426,0.000878730832829979,0.00314064775829428,0.00284942159321027,0.000558245311673399,0.00229117628153687,0.666666666666667,9.97469592167928,0,1.11022302462516e-16
"lomax_2",1000,30,"fixed-40pct",0.00397052028672156,0.000880354759175136,0.00309016552754642,0.0027996394210534,0.00055854532208646,0.00224109409896694,0.666666666666667,11.5527001556363,0,1.11022302462516e-16
"lomax_2",1000,30,"fixed-50pct",0.00390556519468693,0.000885414325502173,0.00302015086918476,0.00273302688240551,0.000561236325944702,0.0021717905564608,0.666666666666667,15.168288605388,0,1.11022302462516e-16
"lomax_2",1000,30,"fixed-75pct",0.00388389723608418,0.000892559922975234,0.00299133731310895,0.00271109831571414,0.000567744771275972,0.00214335354443817,0.666666666666667,28.0685793643946,0,1.11022302462516e-16
"lomax_2",1000,30,"fixed-100pct",0.00649334812218761,0.00215366087792471,0.0043396872442629,0.00536551738685692,0.00189185791667889,0.00347365947017803,0.666666666666667,316.351208853879,0,1.11022302462516e-16
"lomax_2",1000,30,"shrinking",0.00485525856366109,0.000865000667250043,0.00399025789641104,0.00369570145755347,0.000550680684486621,0.00314502077306685,0.666666666666667,1.32912073570791,0,1.11022302462516e-16
